2dhfA,2dhfA,active
2dhfA,4m6lA,active
4m6lA,2dhfA,active
4m6lA,4m6lA,active
1bk0A,1bk0A,active
1bk0A,1odmA,active
1bk0A,1qiqA,active
1bk0A,1uzwA,active
1bk0A,1w05A,active
1bk0A,2vbpA,active
1bk0A,2y60A,active
1bk0A,2y6fA,active
1odmA,1bk0A,active
1odmA,1odmA,active
1odmA,1qiqA,active
1odmA,1uzwA,active
1odmA,1w05A,active
1odmA,2vbpA,active
1odmA,2y60A,active
1odmA,2y6fA,active
1qiqA,1bk0A,active
1qiqA,1odmA,active
1qiqA,1qiqA,active
1qiqA,1uzwA,active
1qiqA,1w05A,active
1qiqA,2vbpA,active
1qiqA,2y60A,active
1qiqA,2y6fA,active
1uzwA,1bk0A,active
1uzwA,1odmA,active
1uzwA,1qiqA,active
1uzwA,1uzwA,active
1uzwA,1w05A,active
1uzwA,2vbpA,active
1uzwA,2y60A,active
1uzwA,2y6fA,active
1w05A,1bk0A,active
1w05A,1odmA,active
1w05A,1qiqA,active
1w05A,1uzwA,active
1w05A,1w05A,active
1w05A,2vbpA,active
1w05A,2y60A,active
1w05A,2y6fA,active
2vbpA,1bk0A,active
2vbpA,1odmA,active
2vbpA,1qiqA,active
2vbpA,1uzwA,active
2vbpA,1w05A,active
2vbpA,2vbpA,active
2vbpA,2y60A,active
2vbpA,2y6fA,active
2y60A,1bk0A,active
2y60A,1odmA,active
2y60A,1qiqA,active
2y60A,1uzwA,active
2y60A,1w05A,active
2y60A,2vbpA,active
2y60A,2y60A,active
2y60A,2y6fA,active
2y6fA,1bk0A,active
2y6fA,1odmA,active
2y6fA,1qiqA,active
2y6fA,1uzwA,active
2y6fA,1w05A,active
2y6fA,2vbpA,active
2y6fA,2y60A,active
2y6fA,2y6fA,active
1pwmA,1pwmA,active
1pwmA,1x97A,active
1x97A,1pwmA,active
1x97A,1x97A,active
1rmzA,1rmzA,active
1rmzA,3f15A,active
1rmzA,3nx7A,active
3f15A,1rmzA,active
3f15A,3f15A,active
3f15A,3nx7A,active
3nx7A,1rmzA,active
3nx7A,3f15A,active
3nx7A,3nx7A,active
2zc9H,2zc9H,active
2zc9H,2zdaH,active
2zc9H,2zf0H,active
2zc9H,2zffH,active
2zc9H,3p17H,active
2zc9H,3qtoH,active
2zc9H,3qtvH,active
2zc9H,3si3H,active
2zc9H,3si4H,active
2zc9H,3sv2H,active
2zdaH,2zc9H,active
2zdaH,2zdaH,active
2zdaH,2zf0H,active
2zdaH,2zffH,active
2zdaH,3p17H,active
2zdaH,3qtoH,active
2zdaH,3qtvH,active
2zdaH,3si3H,active
2zdaH,3si4H,active
2zdaH,3sv2H,active
2zf0H,2zc9H,active
2zf0H,2zdaH,active
2zf0H,2zf0H,active
2zf0H,2zffH,active
2zf0H,3p17H,active
2zf0H,3qtoH,active
2zf0H,3qtvH,active
2zf0H,3si3H,active
2zf0H,3si4H,active
2zf0H,3sv2H,active
2zffH,2zc9H,active
2zffH,2zdaH,active
2zffH,2zf0H,active
2zffH,2zffH,active
2zffH,3p17H,active
2zffH,3qtoH,active
2zffH,3qtvH,active
2zffH,3si3H,active
2zffH,3si4H,active
2zffH,3sv2H,active
3p17H,2zc9H,active
3p17H,2zdaH,active
3p17H,2zf0H,active
3p17H,2zffH,active
3p17H,3p17H,active
3p17H,3qtoH,active
3p17H,3qtvH,active
3p17H,3si3H,active
3p17H,3si4H,active
3p17H,3sv2H,active
3qtoH,2zc9H,active
3qtoH,2zdaH,active
3qtoH,2zf0H,active
3qtoH,2zffH,active
3qtoH,3p17H,active
3qtoH,3qtoH,active
3qtoH,3qtvH,active
3qtoH,3si3H,active
3qtoH,3si4H,active
3qtoH,3sv2H,active
3qtvH,2zc9H,active
3qtvH,2zdaH,active
3qtvH,2zf0H,active
3qtvH,2zffH,active
3qtvH,3p17H,active
3qtvH,3qtoH,active
3qtvH,3qtvH,active
3qtvH,3si3H,active
3qtvH,3si4H,active
3qtvH,3sv2H,active
3si3H,2zc9H,active
3si3H,2zdaH,active
3si3H,2zf0H,active
3si3H,2zffH,active
3si3H,3p17H,active
3si3H,3qtoH,active
3si3H,3qtvH,active
3si3H,3si3H,active
3si3H,3si4H,active
3si3H,3sv2H,active
3si4H,2zc9H,active
3si4H,2zdaH,active
3si4H,2zf0H,active
3si4H,2zffH,active
3si4H,3p17H,active
3si4H,3qtoH,active
3si4H,3qtvH,active
3si4H,3si3H,active
3si4H,3si4H,active
3si4H,3sv2H,active
3sv2H,2zc9H,active
3sv2H,2zdaH,active
3sv2H,2zf0H,active
3sv2H,2zffH,active
3sv2H,3p17H,active
3sv2H,3qtoH,active
3sv2H,3qtvH,active
3sv2H,3si3H,active
3sv2H,3si4H,active
3sv2H,3sv2H,active
1uy6A,1uy6A,active
1uy6A,1uycA,active
1uy6A,1uydA,active
1uy6A,1uyeA,active
1uycA,1uy6A,active
1uycA,1uycA,active
1uycA,1uydA,active
1uycA,1uyeA,active
1uydA,1uy6A,active
1uydA,1uycA,active
1uydA,1uydA,active
1uydA,1uyeA,active
1uyeA,1uy6A,active
1uyeA,1uycA,active
1uyeA,1uydA,active
1uyeA,1uyeA,active
4j0rA,4j0rA,active
4j0rA,4j0sA,active
4j0sA,4j0rA,active
4j0sA,4j0sA,active
3choA,3choA,active
3choA,3chpA,active
3choA,3chqA,active
3chpA,3choA,active
3chpA,3chpA,active
3chpA,3chqA,active
3chqA,3choA,active
3chqA,3chpA,active
3chqA,3chqA,active
2zsaA,2zsaA,active
2zsaA,3af2A,active
2zsaA,3af3A,active
3af2A,2zsaA,active
3af2A,3af2A,active
3af2A,3af3A,active
3af3A,2zsaA,active
3af3A,3af2A,active
3af3A,3af3A,active
4butA,4butA,active
4butA,4buuA,active
4buuA,4butA,active
4buuA,4buuA,active
2x92A,2x92A,active
2x92A,2x93A,active
2x92A,2x94A,active
2x93A,2x92A,active
2x93A,2x93A,active
2x93A,2x94A,active
2x94A,2x92A,active
2x94A,2x93A,active
2x94A,2x94A,active
3m67A,3m67A,active
3m67A,3m96A,active
3m67A,3s9tA,active
3m96A,3m67A,active
3m96A,3m96A,active
3m96A,3s9tA,active
3s9tA,3m67A,active
3s9tA,3m96A,active
3s9tA,3s9tA,active
2dhfA,1bk0A,inactive
2dhfA,1odmA,inactive
2dhfA,1qiqA,inactive
2dhfA,1uzwA,inactive
2dhfA,1w05A,inactive
2dhfA,2vbpA,inactive
2dhfA,2y60A,inactive
2dhfA,2y6fA,inactive
2dhfA,1pwmA,inactive
2dhfA,1x97A,inactive
2dhfA,1rmzA,inactive
2dhfA,3f15A,inactive
2dhfA,3nx7A,inactive
2dhfA,2zc9H,inactive
2dhfA,2zdaH,inactive
2dhfA,2zf0H,inactive
2dhfA,2zffH,inactive
2dhfA,3p17H,inactive
2dhfA,3qtoH,inactive
2dhfA,3qtvH,inactive
2dhfA,3si3H,inactive
2dhfA,3si4H,inactive
2dhfA,3sv2H,inactive
2dhfA,1uy6A,inactive
2dhfA,1uycA,inactive
2dhfA,1uydA,inactive
2dhfA,1uyeA,inactive
2dhfA,4j0rA,inactive
2dhfA,4j0sA,inactive
2dhfA,3choA,inactive
2dhfA,3chpA,inactive
2dhfA,3chqA,inactive
2dhfA,2zsaA,inactive
2dhfA,3af2A,inactive
2dhfA,3af3A,inactive
2dhfA,4butA,inactive
2dhfA,4buuA,inactive
2dhfA,2x92A,inactive
2dhfA,2x93A,inactive
2dhfA,2x94A,inactive
2dhfA,3m67A,inactive
2dhfA,3m96A,inactive
2dhfA,3s9tA,inactive
4m6lA,1bk0A,inactive
4m6lA,1odmA,inactive
4m6lA,1qiqA,inactive
4m6lA,1uzwA,inactive
4m6lA,1w05A,inactive
4m6lA,2vbpA,inactive
4m6lA,2y60A,inactive
4m6lA,2y6fA,inactive
4m6lA,1pwmA,inactive
4m6lA,1x97A,inactive
4m6lA,1rmzA,inactive
4m6lA,3f15A,inactive
4m6lA,3nx7A,inactive
4m6lA,2zc9H,inactive
4m6lA,2zdaH,inactive
4m6lA,2zf0H,inactive
4m6lA,2zffH,inactive
4m6lA,3p17H,inactive
4m6lA,3qtoH,inactive
4m6lA,3qtvH,inactive
4m6lA,3si3H,inactive
4m6lA,3si4H,inactive
4m6lA,3sv2H,inactive
4m6lA,1uy6A,inactive
4m6lA,1uycA,inactive
4m6lA,1uydA,inactive
4m6lA,1uyeA,inactive
4m6lA,4j0rA,inactive
4m6lA,4j0sA,inactive
4m6lA,3choA,inactive
4m6lA,3chpA,inactive
4m6lA,3chqA,inactive
4m6lA,2zsaA,inactive
4m6lA,3af2A,inactive
4m6lA,3af3A,inactive
4m6lA,4butA,inactive
4m6lA,4buuA,inactive
4m6lA,2x92A,inactive
4m6lA,2x93A,inactive
4m6lA,2x94A,inactive
4m6lA,3m67A,inactive
4m6lA,3m96A,inactive
4m6lA,3s9tA,inactive
1bk0A,2dhfA,inactive
1bk0A,4m6lA,inactive
1bk0A,1pwmA,inactive
1bk0A,1x97A,inactive
1bk0A,1rmzA,inactive
1bk0A,3f15A,inactive
1bk0A,3nx7A,inactive
1bk0A,2zc9H,inactive
1bk0A,2zdaH,inactive
1bk0A,2zf0H,inactive
1bk0A,2zffH,inactive
1bk0A,3p17H,inactive
1bk0A,3qtoH,inactive
1bk0A,3qtvH,inactive
1bk0A,3si3H,inactive
1bk0A,3si4H,inactive
1bk0A,3sv2H,inactive
1bk0A,1uy6A,inactive
1bk0A,1uycA,inactive
1bk0A,1uydA,inactive
1bk0A,1uyeA,inactive
1bk0A,4j0rA,inactive
1bk0A,4j0sA,inactive
1bk0A,3choA,inactive
1bk0A,3chpA,inactive
1bk0A,3chqA,inactive
1bk0A,2zsaA,inactive
1bk0A,3af2A,inactive
1bk0A,3af3A,inactive
1bk0A,4butA,inactive
1bk0A,4buuA,inactive
1bk0A,2x92A,inactive
1bk0A,2x93A,inactive
1bk0A,2x94A,inactive
1bk0A,3m67A,inactive
1bk0A,3m96A,inactive
1bk0A,3s9tA,inactive
1odmA,2dhfA,inactive
1odmA,4m6lA,inactive
1odmA,1pwmA,inactive
1odmA,1x97A,inactive
1odmA,1rmzA,inactive
1odmA,3f15A,inactive
1odmA,3nx7A,inactive
1odmA,2zc9H,inactive
1odmA,2zdaH,inactive
1odmA,2zf0H,inactive
1odmA,2zffH,inactive
1odmA,3p17H,inactive
1odmA,3qtoH,inactive
1odmA,3qtvH,inactive
1odmA,3si3H,inactive
1odmA,3si4H,inactive
1odmA,3sv2H,inactive
1odmA,1uy6A,inactive
1odmA,1uycA,inactive
1odmA,1uydA,inactive
1odmA,1uyeA,inactive
1odmA,4j0rA,inactive
1odmA,4j0sA,inactive
1odmA,3choA,inactive
1odmA,3chpA,inactive
1odmA,3chqA,inactive
1odmA,2zsaA,inactive
1odmA,3af2A,inactive
1odmA,3af3A,inactive
1odmA,4butA,inactive
1odmA,4buuA,inactive
1odmA,2x92A,inactive
1odmA,2x93A,inactive
1odmA,2x94A,inactive
1odmA,3m67A,inactive
1odmA,3m96A,inactive
1odmA,3s9tA,inactive
1qiqA,2dhfA,inactive
1qiqA,4m6lA,inactive
1qiqA,1pwmA,inactive
1qiqA,1x97A,inactive
1qiqA,1rmzA,inactive
1qiqA,3f15A,inactive
1qiqA,3nx7A,inactive
1qiqA,2zc9H,inactive
1qiqA,2zdaH,inactive
1qiqA,2zf0H,inactive
1qiqA,2zffH,inactive
1qiqA,3p17H,inactive
1qiqA,3qtoH,inactive
1qiqA,3qtvH,inactive
1qiqA,3si3H,inactive
1qiqA,3si4H,inactive
1qiqA,3sv2H,inactive
1qiqA,1uy6A,inactive
1qiqA,1uycA,inactive
1qiqA,1uydA,inactive
1qiqA,1uyeA,inactive
1qiqA,4j0rA,inactive
1qiqA,4j0sA,inactive
1qiqA,3choA,inactive
1qiqA,3chpA,inactive
1qiqA,3chqA,inactive
1qiqA,2zsaA,inactive
1qiqA,3af2A,inactive
1qiqA,3af3A,inactive
1qiqA,4butA,inactive
1qiqA,4buuA,inactive
1qiqA,2x92A,inactive
1qiqA,2x93A,inactive
1qiqA,2x94A,inactive
1qiqA,3m67A,inactive
1qiqA,3m96A,inactive
1qiqA,3s9tA,inactive
1uzwA,2dhfA,inactive
1uzwA,4m6lA,inactive
1uzwA,1pwmA,inactive
1uzwA,1x97A,inactive
1uzwA,1rmzA,inactive
1uzwA,3f15A,inactive
1uzwA,3nx7A,inactive
1uzwA,2zc9H,inactive
1uzwA,2zdaH,inactive
1uzwA,2zf0H,inactive
1uzwA,2zffH,inactive
1uzwA,3p17H,inactive
1uzwA,3qtoH,inactive
1uzwA,3qtvH,inactive
1uzwA,3si3H,inactive
1uzwA,3si4H,inactive
1uzwA,3sv2H,inactive
1uzwA,1uy6A,inactive
1uzwA,1uycA,inactive
1uzwA,1uydA,inactive
1uzwA,1uyeA,inactive
1uzwA,4j0rA,inactive
1uzwA,4j0sA,inactive
1uzwA,3choA,inactive
1uzwA,3chpA,inactive
1uzwA,3chqA,inactive
1uzwA,2zsaA,inactive
1uzwA,3af2A,inactive
1uzwA,3af3A,inactive
1uzwA,4butA,inactive
1uzwA,4buuA,inactive
1uzwA,2x92A,inactive
1uzwA,2x93A,inactive
1uzwA,2x94A,inactive
1uzwA,3m67A,inactive
1uzwA,3m96A,inactive
1uzwA,3s9tA,inactive
1w05A,2dhfA,inactive
1w05A,4m6lA,inactive
1w05A,1pwmA,inactive
1w05A,1x97A,inactive
1w05A,1rmzA,inactive
1w05A,3f15A,inactive
1w05A,3nx7A,inactive
1w05A,2zc9H,inactive
1w05A,2zdaH,inactive
1w05A,2zf0H,inactive
1w05A,2zffH,inactive
1w05A,3p17H,inactive
1w05A,3qtoH,inactive
1w05A,3qtvH,inactive
1w05A,3si3H,inactive
1w05A,3si4H,inactive
1w05A,3sv2H,inactive
1w05A,1uy6A,inactive
1w05A,1uycA,inactive
1w05A,1uydA,inactive
1w05A,1uyeA,inactive
1w05A,4j0rA,inactive
1w05A,4j0sA,inactive
1w05A,3choA,inactive
1w05A,3chpA,inactive
1w05A,3chqA,inactive
1w05A,2zsaA,inactive
1w05A,3af2A,inactive
1w05A,3af3A,inactive
1w05A,4butA,inactive
1w05A,4buuA,inactive
1w05A,2x92A,inactive
1w05A,2x93A,inactive
1w05A,2x94A,inactive
1w05A,3m67A,inactive
1w05A,3m96A,inactive
1w05A,3s9tA,inactive
2vbpA,2dhfA,inactive
2vbpA,4m6lA,inactive
2vbpA,1pwmA,inactive
2vbpA,1x97A,inactive
2vbpA,1rmzA,inactive
2vbpA,3f15A,inactive
2vbpA,3nx7A,inactive
2vbpA,2zc9H,inactive
2vbpA,2zdaH,inactive
2vbpA,2zf0H,inactive
2vbpA,2zffH,inactive
2vbpA,3p17H,inactive
2vbpA,3qtoH,inactive
2vbpA,3qtvH,inactive
2vbpA,3si3H,inactive
2vbpA,3si4H,inactive
2vbpA,3sv2H,inactive
2vbpA,1uy6A,inactive
2vbpA,1uycA,inactive
2vbpA,1uydA,inactive
2vbpA,1uyeA,inactive
2vbpA,4j0rA,inactive
2vbpA,4j0sA,inactive
2vbpA,3choA,inactive
2vbpA,3chpA,inactive
2vbpA,3chqA,inactive
2vbpA,2zsaA,inactive
2vbpA,3af2A,inactive
2vbpA,3af3A,inactive
2vbpA,4butA,inactive
2vbpA,4buuA,inactive
2vbpA,2x92A,inactive
2vbpA,2x93A,inactive
2vbpA,2x94A,inactive
2vbpA,3m67A,inactive
2vbpA,3m96A,inactive
2vbpA,3s9tA,inactive
2y60A,2dhfA,inactive
2y60A,4m6lA,inactive
2y60A,1pwmA,inactive
2y60A,1x97A,inactive
2y60A,1rmzA,inactive
2y60A,3f15A,inactive
2y60A,3nx7A,inactive
2y60A,2zc9H,inactive
2y60A,2zdaH,inactive
2y60A,2zf0H,inactive
2y60A,2zffH,inactive
2y60A,3p17H,inactive
2y60A,3qtoH,inactive
2y60A,3qtvH,inactive
2y60A,3si3H,inactive
2y60A,3si4H,inactive
2y60A,3sv2H,inactive
2y60A,1uy6A,inactive
2y60A,1uycA,inactive
2y60A,1uydA,inactive
2y60A,1uyeA,inactive
2y60A,4j0rA,inactive
2y60A,4j0sA,inactive
2y60A,3choA,inactive
2y60A,3chpA,inactive
2y60A,3chqA,inactive
2y60A,2zsaA,inactive
2y60A,3af2A,inactive
2y60A,3af3A,inactive
2y60A,4butA,inactive
2y60A,4buuA,inactive
2y60A,2x92A,inactive
2y60A,2x93A,inactive
2y60A,2x94A,inactive
2y60A,3m67A,inactive
2y60A,3m96A,inactive
2y60A,3s9tA,inactive
2y6fA,2dhfA,inactive
2y6fA,4m6lA,inactive
2y6fA,1pwmA,inactive
2y6fA,1x97A,inactive
2y6fA,1rmzA,inactive
2y6fA,3f15A,inactive
2y6fA,3nx7A,inactive
2y6fA,2zc9H,inactive
2y6fA,2zdaH,inactive
2y6fA,2zf0H,inactive
2y6fA,2zffH,inactive
2y6fA,3p17H,inactive
2y6fA,3qtoH,inactive
2y6fA,3qtvH,inactive
2y6fA,3si3H,inactive
2y6fA,3si4H,inactive
2y6fA,3sv2H,inactive
2y6fA,1uy6A,inactive
2y6fA,1uycA,inactive
2y6fA,1uydA,inactive
2y6fA,1uyeA,inactive
2y6fA,4j0rA,inactive
2y6fA,4j0sA,inactive
2y6fA,3choA,inactive
2y6fA,3chpA,inactive
2y6fA,3chqA,inactive
2y6fA,2zsaA,inactive
2y6fA,3af2A,inactive
2y6fA,3af3A,inactive
2y6fA,4butA,inactive
2y6fA,4buuA,inactive
2y6fA,2x92A,inactive
2y6fA,2x93A,inactive
2y6fA,2x94A,inactive
2y6fA,3m67A,inactive
2y6fA,3m96A,inactive
2y6fA,3s9tA,inactive
1pwmA,2dhfA,inactive
1pwmA,4m6lA,inactive
1pwmA,1bk0A,inactive
1pwmA,1odmA,inactive
1pwmA,1qiqA,inactive
1pwmA,1uzwA,inactive
1pwmA,1w05A,inactive
1pwmA,2vbpA,inactive
1pwmA,2y60A,inactive
1pwmA,2y6fA,inactive
1pwmA,1rmzA,inactive
1pwmA,3f15A,inactive
1pwmA,3nx7A,inactive
1pwmA,2zc9H,inactive
1pwmA,2zdaH,inactive
1pwmA,2zf0H,inactive
1pwmA,2zffH,inactive
1pwmA,3p17H,inactive
1pwmA,3qtoH,inactive
1pwmA,3qtvH,inactive
1pwmA,3si3H,inactive
1pwmA,3si4H,inactive
1pwmA,3sv2H,inactive
1pwmA,1uy6A,inactive
1pwmA,1uycA,inactive
1pwmA,1uydA,inactive
1pwmA,1uyeA,inactive
1pwmA,4j0rA,inactive
1pwmA,4j0sA,inactive
1pwmA,3choA,inactive
1pwmA,3chpA,inactive
1pwmA,3chqA,inactive
1pwmA,2zsaA,inactive
1pwmA,3af2A,inactive
1pwmA,3af3A,inactive
1pwmA,4butA,inactive
1pwmA,4buuA,inactive
1pwmA,2x92A,inactive
1pwmA,2x93A,inactive
1pwmA,2x94A,inactive
1pwmA,3m67A,inactive
1pwmA,3m96A,inactive
1pwmA,3s9tA,inactive
1x97A,2dhfA,inactive
1x97A,4m6lA,inactive
1x97A,1bk0A,inactive
1x97A,1odmA,inactive
1x97A,1qiqA,inactive
1x97A,1uzwA,inactive
1x97A,1w05A,inactive
1x97A,2vbpA,inactive
1x97A,2y60A,inactive
1x97A,2y6fA,inactive
1x97A,1rmzA,inactive
1x97A,3f15A,inactive
1x97A,3nx7A,inactive
1x97A,2zc9H,inactive
1x97A,2zdaH,inactive
1x97A,2zf0H,inactive
1x97A,2zffH,inactive
1x97A,3p17H,inactive
1x97A,3qtoH,inactive
1x97A,3qtvH,inactive
1x97A,3si3H,inactive
1x97A,3si4H,inactive
1x97A,3sv2H,inactive
1x97A,1uy6A,inactive
1x97A,1uycA,inactive
1x97A,1uydA,inactive
1x97A,1uyeA,inactive
1x97A,4j0rA,inactive
1x97A,4j0sA,inactive
1x97A,3choA,inactive
1x97A,3chpA,inactive
1x97A,3chqA,inactive
1x97A,2zsaA,inactive
1x97A,3af2A,inactive
1x97A,3af3A,inactive
1x97A,4butA,inactive
1x97A,4buuA,inactive
1x97A,2x92A,inactive
1x97A,2x93A,inactive
1x97A,2x94A,inactive
1x97A,3m67A,inactive
1x97A,3m96A,inactive
1x97A,3s9tA,inactive
1rmzA,2dhfA,inactive
1rmzA,4m6lA,inactive
1rmzA,1bk0A,inactive
1rmzA,1odmA,inactive
1rmzA,1qiqA,inactive
1rmzA,1uzwA,inactive
1rmzA,1w05A,inactive
1rmzA,2vbpA,inactive
1rmzA,2y60A,inactive
1rmzA,2y6fA,inactive
1rmzA,1pwmA,inactive
1rmzA,1x97A,inactive
1rmzA,2zc9H,inactive
1rmzA,2zdaH,inactive
1rmzA,2zf0H,inactive
1rmzA,2zffH,inactive
1rmzA,3p17H,inactive
1rmzA,3qtoH,inactive
1rmzA,3qtvH,inactive
1rmzA,3si3H,inactive
1rmzA,3si4H,inactive
1rmzA,3sv2H,inactive
1rmzA,1uy6A,inactive
1rmzA,1uycA,inactive
1rmzA,1uydA,inactive
1rmzA,1uyeA,inactive
1rmzA,4j0rA,inactive
1rmzA,4j0sA,inactive
1rmzA,3choA,inactive
1rmzA,3chpA,inactive
1rmzA,3chqA,inactive
1rmzA,2zsaA,inactive
1rmzA,3af2A,inactive
1rmzA,3af3A,inactive
1rmzA,4butA,inactive
1rmzA,4buuA,inactive
1rmzA,2x92A,inactive
1rmzA,2x93A,inactive
1rmzA,2x94A,inactive
1rmzA,3m67A,inactive
1rmzA,3m96A,inactive
1rmzA,3s9tA,inactive
3f15A,2dhfA,inactive
3f15A,4m6lA,inactive
3f15A,1bk0A,inactive
3f15A,1odmA,inactive
3f15A,1qiqA,inactive
3f15A,1uzwA,inactive
3f15A,1w05A,inactive
3f15A,2vbpA,inactive
3f15A,2y60A,inactive
3f15A,2y6fA,inactive
3f15A,1pwmA,inactive
3f15A,1x97A,inactive
3f15A,2zc9H,inactive
3f15A,2zdaH,inactive
3f15A,2zf0H,inactive
3f15A,2zffH,inactive
3f15A,3p17H,inactive
3f15A,3qtoH,inactive
3f15A,3qtvH,inactive
3f15A,3si3H,inactive
3f15A,3si4H,inactive
3f15A,3sv2H,inactive
3f15A,1uy6A,inactive
3f15A,1uycA,inactive
3f15A,1uydA,inactive
3f15A,1uyeA,inactive
3f15A,4j0rA,inactive
3f15A,4j0sA,inactive
3f15A,3choA,inactive
3f15A,3chpA,inactive
3f15A,3chqA,inactive
3f15A,2zsaA,inactive
3f15A,3af2A,inactive
3f15A,3af3A,inactive
3f15A,4butA,inactive
3f15A,4buuA,inactive
3f15A,2x92A,inactive
3f15A,2x93A,inactive
3f15A,2x94A,inactive
3f15A,3m67A,inactive
3f15A,3m96A,inactive
3f15A,3s9tA,inactive
3nx7A,2dhfA,inactive
3nx7A,4m6lA,inactive
3nx7A,1bk0A,inactive
3nx7A,1odmA,inactive
3nx7A,1qiqA,inactive
3nx7A,1uzwA,inactive
3nx7A,1w05A,inactive
3nx7A,2vbpA,inactive
3nx7A,2y60A,inactive
3nx7A,2y6fA,inactive
3nx7A,1pwmA,inactive
3nx7A,1x97A,inactive
3nx7A,2zc9H,inactive
3nx7A,2zdaH,inactive
3nx7A,2zf0H,inactive
3nx7A,2zffH,inactive
3nx7A,3p17H,inactive
3nx7A,3qtoH,inactive
3nx7A,3qtvH,inactive
3nx7A,3si3H,inactive
3nx7A,3si4H,inactive
3nx7A,3sv2H,inactive
3nx7A,1uy6A,inactive
3nx7A,1uycA,inactive
3nx7A,1uydA,inactive
3nx7A,1uyeA,inactive
3nx7A,4j0rA,inactive
3nx7A,4j0sA,inactive
3nx7A,3choA,inactive
3nx7A,3chpA,inactive
3nx7A,3chqA,inactive
3nx7A,2zsaA,inactive
3nx7A,3af2A,inactive
3nx7A,3af3A,inactive
3nx7A,4butA,inactive
3nx7A,4buuA,inactive
3nx7A,2x92A,inactive
3nx7A,2x93A,inactive
3nx7A,2x94A,inactive
3nx7A,3m67A,inactive
3nx7A,3m96A,inactive
3nx7A,3s9tA,inactive
2zc9H,2dhfA,inactive
2zc9H,4m6lA,inactive
2zc9H,1bk0A,inactive
2zc9H,1odmA,inactive
2zc9H,1qiqA,inactive
2zc9H,1uzwA,inactive
2zc9H,1w05A,inactive
2zc9H,2vbpA,inactive
2zc9H,2y60A,inactive
2zc9H,2y6fA,inactive
2zc9H,1pwmA,inactive
2zc9H,1x97A,inactive
2zc9H,1rmzA,inactive
2zc9H,3f15A,inactive
2zc9H,3nx7A,inactive
2zc9H,1uy6A,inactive
2zc9H,1uycA,inactive
2zc9H,1uydA,inactive
2zc9H,1uyeA,inactive
2zc9H,4j0rA,inactive
2zc9H,4j0sA,inactive
2zc9H,3choA,inactive
2zc9H,3chpA,inactive
2zc9H,3chqA,inactive
2zc9H,2zsaA,inactive
2zc9H,3af2A,inactive
2zc9H,3af3A,inactive
2zc9H,4butA,inactive
2zc9H,4buuA,inactive
2zc9H,2x92A,inactive
2zc9H,2x93A,inactive
2zc9H,2x94A,inactive
2zc9H,3m67A,inactive
2zc9H,3m96A,inactive
2zc9H,3s9tA,inactive
2zdaH,2dhfA,inactive
2zdaH,4m6lA,inactive
2zdaH,1bk0A,inactive
2zdaH,1odmA,inactive
2zdaH,1qiqA,inactive
2zdaH,1uzwA,inactive
2zdaH,1w05A,inactive
2zdaH,2vbpA,inactive
2zdaH,2y60A,inactive
2zdaH,2y6fA,inactive
2zdaH,1pwmA,inactive
2zdaH,1x97A,inactive
2zdaH,1rmzA,inactive
2zdaH,3f15A,inactive
2zdaH,3nx7A,inactive
2zdaH,1uy6A,inactive
2zdaH,1uycA,inactive
2zdaH,1uydA,inactive
2zdaH,1uyeA,inactive
2zdaH,4j0rA,inactive
2zdaH,4j0sA,inactive
2zdaH,3choA,inactive
2zdaH,3chpA,inactive
2zdaH,3chqA,inactive
2zdaH,2zsaA,inactive
2zdaH,3af2A,inactive
2zdaH,3af3A,inactive
2zdaH,4butA,inactive
2zdaH,4buuA,inactive
2zdaH,2x92A,inactive
2zdaH,2x93A,inactive
2zdaH,2x94A,inactive
2zdaH,3m67A,inactive
2zdaH,3m96A,inactive
2zdaH,3s9tA,inactive
2zf0H,2dhfA,inactive
2zf0H,4m6lA,inactive
2zf0H,1bk0A,inactive
2zf0H,1odmA,inactive
2zf0H,1qiqA,inactive
2zf0H,1uzwA,inactive
2zf0H,1w05A,inactive
2zf0H,2vbpA,inactive
2zf0H,2y60A,inactive
2zf0H,2y6fA,inactive
2zf0H,1pwmA,inactive
2zf0H,1x97A,inactive
2zf0H,1rmzA,inactive
2zf0H,3f15A,inactive
2zf0H,3nx7A,inactive
2zf0H,1uy6A,inactive
2zf0H,1uycA,inactive
2zf0H,1uydA,inactive
2zf0H,1uyeA,inactive
2zf0H,4j0rA,inactive
2zf0H,4j0sA,inactive
2zf0H,3choA,inactive
2zf0H,3chpA,inactive
2zf0H,3chqA,inactive
2zf0H,2zsaA,inactive
2zf0H,3af2A,inactive
2zf0H,3af3A,inactive
2zf0H,4butA,inactive
2zf0H,4buuA,inactive
2zf0H,2x92A,inactive
2zf0H,2x93A,inactive
2zf0H,2x94A,inactive
2zf0H,3m67A,inactive
2zf0H,3m96A,inactive
2zf0H,3s9tA,inactive
2zffH,2dhfA,inactive
2zffH,4m6lA,inactive
2zffH,1bk0A,inactive
2zffH,1odmA,inactive
2zffH,1qiqA,inactive
2zffH,1uzwA,inactive
2zffH,1w05A,inactive
2zffH,2vbpA,inactive
2zffH,2y60A,inactive
2zffH,2y6fA,inactive
2zffH,1pwmA,inactive
2zffH,1x97A,inactive
2zffH,1rmzA,inactive
2zffH,3f15A,inactive
2zffH,3nx7A,inactive
2zffH,1uy6A,inactive
2zffH,1uycA,inactive
2zffH,1uydA,inactive
2zffH,1uyeA,inactive
2zffH,4j0rA,inactive
2zffH,4j0sA,inactive
2zffH,3choA,inactive
2zffH,3chpA,inactive
2zffH,3chqA,inactive
2zffH,2zsaA,inactive
2zffH,3af2A,inactive
2zffH,3af3A,inactive
2zffH,4butA,inactive
2zffH,4buuA,inactive
2zffH,2x92A,inactive
2zffH,2x93A,inactive
2zffH,2x94A,inactive
2zffH,3m67A,inactive
2zffH,3m96A,inactive
2zffH,3s9tA,inactive
3p17H,2dhfA,inactive
3p17H,4m6lA,inactive
3p17H,1bk0A,inactive
3p17H,1odmA,inactive
3p17H,1qiqA,inactive
3p17H,1uzwA,inactive
3p17H,1w05A,inactive
3p17H,2vbpA,inactive
3p17H,2y60A,inactive
3p17H,2y6fA,inactive
3p17H,1pwmA,inactive
3p17H,1x97A,inactive
3p17H,1rmzA,inactive
3p17H,3f15A,inactive
3p17H,3nx7A,inactive
3p17H,1uy6A,inactive
3p17H,1uycA,inactive
3p17H,1uydA,inactive
3p17H,1uyeA,inactive
3p17H,4j0rA,inactive
3p17H,4j0sA,inactive
3p17H,3choA,inactive
3p17H,3chpA,inactive
3p17H,3chqA,inactive
3p17H,2zsaA,inactive
3p17H,3af2A,inactive
3p17H,3af3A,inactive
3p17H,4butA,inactive
3p17H,4buuA,inactive
3p17H,2x92A,inactive
3p17H,2x93A,inactive
3p17H,2x94A,inactive
3p17H,3m67A,inactive
3p17H,3m96A,inactive
3p17H,3s9tA,inactive
3qtoH,2dhfA,inactive
3qtoH,4m6lA,inactive
3qtoH,1bk0A,inactive
3qtoH,1odmA,inactive
3qtoH,1qiqA,inactive
3qtoH,1uzwA,inactive
3qtoH,1w05A,inactive
3qtoH,2vbpA,inactive
3qtoH,2y60A,inactive
3qtoH,2y6fA,inactive
3qtoH,1pwmA,inactive
3qtoH,1x97A,inactive
3qtoH,1rmzA,inactive
3qtoH,3f15A,inactive
3qtoH,3nx7A,inactive
3qtoH,1uy6A,inactive
3qtoH,1uycA,inactive
3qtoH,1uydA,inactive
3qtoH,1uyeA,inactive
3qtoH,4j0rA,inactive
3qtoH,4j0sA,inactive
3qtoH,3choA,inactive
3qtoH,3chpA,inactive
3qtoH,3chqA,inactive
3qtoH,2zsaA,inactive
3qtoH,3af2A,inactive
3qtoH,3af3A,inactive
3qtoH,4butA,inactive
3qtoH,4buuA,inactive
3qtoH,2x92A,inactive
3qtoH,2x93A,inactive
3qtoH,2x94A,inactive
3qtoH,3m67A,inactive
3qtoH,3m96A,inactive
3qtoH,3s9tA,inactive
3qtvH,2dhfA,inactive
3qtvH,4m6lA,inactive
3qtvH,1bk0A,inactive
3qtvH,1odmA,inactive
3qtvH,1qiqA,inactive
3qtvH,1uzwA,inactive
3qtvH,1w05A,inactive
3qtvH,2vbpA,inactive
3qtvH,2y60A,inactive
3qtvH,2y6fA,inactive
3qtvH,1pwmA,inactive
3qtvH,1x97A,inactive
3qtvH,1rmzA,inactive
3qtvH,3f15A,inactive
3qtvH,3nx7A,inactive
3qtvH,1uy6A,inactive
3qtvH,1uycA,inactive
3qtvH,1uydA,inactive
3qtvH,1uyeA,inactive
3qtvH,4j0rA,inactive
3qtvH,4j0sA,inactive
3qtvH,3choA,inactive
3qtvH,3chpA,inactive
3qtvH,3chqA,inactive
3qtvH,2zsaA,inactive
3qtvH,3af2A,inactive
3qtvH,3af3A,inactive
3qtvH,4butA,inactive
3qtvH,4buuA,inactive
3qtvH,2x92A,inactive
3qtvH,2x93A,inactive
3qtvH,2x94A,inactive
3qtvH,3m67A,inactive
3qtvH,3m96A,inactive
3qtvH,3s9tA,inactive
3si3H,2dhfA,inactive
3si3H,4m6lA,inactive
3si3H,1bk0A,inactive
3si3H,1odmA,inactive
3si3H,1qiqA,inactive
3si3H,1uzwA,inactive
3si3H,1w05A,inactive
3si3H,2vbpA,inactive
3si3H,2y60A,inactive
3si3H,2y6fA,inactive
3si3H,1pwmA,inactive
3si3H,1x97A,inactive
3si3H,1rmzA,inactive
3si3H,3f15A,inactive
3si3H,3nx7A,inactive
3si3H,1uy6A,inactive
3si3H,1uycA,inactive
3si3H,1uydA,inactive
3si3H,1uyeA,inactive
3si3H,4j0rA,inactive
3si3H,4j0sA,inactive
3si3H,3choA,inactive
3si3H,3chpA,inactive
3si3H,3chqA,inactive
3si3H,2zsaA,inactive
3si3H,3af2A,inactive
3si3H,3af3A,inactive
3si3H,4butA,inactive
3si3H,4buuA,inactive
3si3H,2x92A,inactive
3si3H,2x93A,inactive
3si3H,2x94A,inactive
3si3H,3m67A,inactive
3si3H,3m96A,inactive
3si3H,3s9tA,inactive
3si4H,2dhfA,inactive
3si4H,4m6lA,inactive
3si4H,1bk0A,inactive
3si4H,1odmA,inactive
3si4H,1qiqA,inactive
3si4H,1uzwA,inactive
3si4H,1w05A,inactive
3si4H,2vbpA,inactive
3si4H,2y60A,inactive
3si4H,2y6fA,inactive
3si4H,1pwmA,inactive
3si4H,1x97A,inactive
3si4H,1rmzA,inactive
3si4H,3f15A,inactive
3si4H,3nx7A,inactive
3si4H,1uy6A,inactive
3si4H,1uycA,inactive
3si4H,1uydA,inactive
3si4H,1uyeA,inactive
3si4H,4j0rA,inactive
3si4H,4j0sA,inactive
3si4H,3choA,inactive
3si4H,3chpA,inactive
3si4H,3chqA,inactive
3si4H,2zsaA,inactive
3si4H,3af2A,inactive
3si4H,3af3A,inactive
3si4H,4butA,inactive
3si4H,4buuA,inactive
3si4H,2x92A,inactive
3si4H,2x93A,inactive
3si4H,2x94A,inactive
3si4H,3m67A,inactive
3si4H,3m96A,inactive
3si4H,3s9tA,inactive
3sv2H,2dhfA,inactive
3sv2H,4m6lA,inactive
3sv2H,1bk0A,inactive
3sv2H,1odmA,inactive
3sv2H,1qiqA,inactive
3sv2H,1uzwA,inactive
3sv2H,1w05A,inactive
3sv2H,2vbpA,inactive
3sv2H,2y60A,inactive
3sv2H,2y6fA,inactive
3sv2H,1pwmA,inactive
3sv2H,1x97A,inactive
3sv2H,1rmzA,inactive
3sv2H,3f15A,inactive
3sv2H,3nx7A,inactive
3sv2H,1uy6A,inactive
3sv2H,1uycA,inactive
3sv2H,1uydA,inactive
3sv2H,1uyeA,inactive
3sv2H,4j0rA,inactive
3sv2H,4j0sA,inactive
3sv2H,3choA,inactive
3sv2H,3chpA,inactive
3sv2H,3chqA,inactive
3sv2H,2zsaA,inactive
3sv2H,3af2A,inactive
3sv2H,3af3A,inactive
3sv2H,4butA,inactive
3sv2H,4buuA,inactive
3sv2H,2x92A,inactive
3sv2H,2x93A,inactive
3sv2H,2x94A,inactive
3sv2H,3m67A,inactive
3sv2H,3m96A,inactive
3sv2H,3s9tA,inactive
1uy6A,2dhfA,inactive
1uy6A,4m6lA,inactive
1uy6A,1bk0A,inactive
1uy6A,1odmA,inactive
1uy6A,1qiqA,inactive
1uy6A,1uzwA,inactive
1uy6A,1w05A,inactive
1uy6A,2vbpA,inactive
1uy6A,2y60A,inactive
1uy6A,2y6fA,inactive
1uy6A,1pwmA,inactive
1uy6A,1x97A,inactive
1uy6A,1rmzA,inactive
1uy6A,3f15A,inactive
1uy6A,3nx7A,inactive
1uy6A,2zc9H,inactive
1uy6A,2zdaH,inactive
1uy6A,2zf0H,inactive
1uy6A,2zffH,inactive
1uy6A,3p17H,inactive
1uy6A,3qtoH,inactive
1uy6A,3qtvH,inactive
1uy6A,3si3H,inactive
1uy6A,3si4H,inactive
1uy6A,3sv2H,inactive
1uy6A,4j0rA,inactive
1uy6A,4j0sA,inactive
1uy6A,3choA,inactive
1uy6A,3chpA,inactive
1uy6A,3chqA,inactive
1uy6A,2zsaA,inactive
1uy6A,3af2A,inactive
1uy6A,3af3A,inactive
1uy6A,4butA,inactive
1uy6A,4buuA,inactive
1uy6A,2x92A,inactive
1uy6A,2x93A,inactive
1uy6A,2x94A,inactive
1uy6A,3m67A,inactive
1uy6A,3m96A,inactive
1uy6A,3s9tA,inactive
1uycA,2dhfA,inactive
1uycA,4m6lA,inactive
1uycA,1bk0A,inactive
1uycA,1odmA,inactive
1uycA,1qiqA,inactive
1uycA,1uzwA,inactive
1uycA,1w05A,inactive
1uycA,2vbpA,inactive
1uycA,2y60A,inactive
1uycA,2y6fA,inactive
1uycA,1pwmA,inactive
1uycA,1x97A,inactive
1uycA,1rmzA,inactive
1uycA,3f15A,inactive
1uycA,3nx7A,inactive
1uycA,2zc9H,inactive
1uycA,2zdaH,inactive
1uycA,2zf0H,inactive
1uycA,2zffH,inactive
1uycA,3p17H,inactive
1uycA,3qtoH,inactive
1uycA,3qtvH,inactive
1uycA,3si3H,inactive
1uycA,3si4H,inactive
1uycA,3sv2H,inactive
1uycA,4j0rA,inactive
1uycA,4j0sA,inactive
1uycA,3choA,inactive
1uycA,3chpA,inactive
1uycA,3chqA,inactive
1uycA,2zsaA,inactive
1uycA,3af2A,inactive
1uycA,3af3A,inactive
1uycA,4butA,inactive
1uycA,4buuA,inactive
1uycA,2x92A,inactive
1uycA,2x93A,inactive
1uycA,2x94A,inactive
1uycA,3m67A,inactive
1uycA,3m96A,inactive
1uycA,3s9tA,inactive
1uydA,2dhfA,inactive
1uydA,4m6lA,inactive
1uydA,1bk0A,inactive
1uydA,1odmA,inactive
1uydA,1qiqA,inactive
1uydA,1uzwA,inactive
1uydA,1w05A,inactive
1uydA,2vbpA,inactive
1uydA,2y60A,inactive
1uydA,2y6fA,inactive
1uydA,1pwmA,inactive
1uydA,1x97A,inactive
1uydA,1rmzA,inactive
1uydA,3f15A,inactive
1uydA,3nx7A,inactive
1uydA,2zc9H,inactive
1uydA,2zdaH,inactive
1uydA,2zf0H,inactive
1uydA,2zffH,inactive
1uydA,3p17H,inactive
1uydA,3qtoH,inactive
1uydA,3qtvH,inactive
1uydA,3si3H,inactive
1uydA,3si4H,inactive
1uydA,3sv2H,inactive
1uydA,4j0rA,inactive
1uydA,4j0sA,inactive
1uydA,3choA,inactive
1uydA,3chpA,inactive
1uydA,3chqA,inactive
1uydA,2zsaA,inactive
1uydA,3af2A,inactive
1uydA,3af3A,inactive
1uydA,4butA,inactive
1uydA,4buuA,inactive
1uydA,2x92A,inactive
1uydA,2x93A,inactive
1uydA,2x94A,inactive
1uydA,3m67A,inactive
1uydA,3m96A,inactive
1uydA,3s9tA,inactive
1uyeA,2dhfA,inactive
1uyeA,4m6lA,inactive
1uyeA,1bk0A,inactive
1uyeA,1odmA,inactive
1uyeA,1qiqA,inactive
1uyeA,1uzwA,inactive
1uyeA,1w05A,inactive
1uyeA,2vbpA,inactive
1uyeA,2y60A,inactive
1uyeA,2y6fA,inactive
1uyeA,1pwmA,inactive
1uyeA,1x97A,inactive
1uyeA,1rmzA,inactive
1uyeA,3f15A,inactive
1uyeA,3nx7A,inactive
1uyeA,2zc9H,inactive
1uyeA,2zdaH,inactive
1uyeA,2zf0H,inactive
1uyeA,2zffH,inactive
1uyeA,3p17H,inactive
1uyeA,3qtoH,inactive
1uyeA,3qtvH,inactive
1uyeA,3si3H,inactive
1uyeA,3si4H,inactive
1uyeA,3sv2H,inactive
1uyeA,4j0rA,inactive
1uyeA,4j0sA,inactive
1uyeA,3choA,inactive
1uyeA,3chpA,inactive
1uyeA,3chqA,inactive
1uyeA,2zsaA,inactive
1uyeA,3af2A,inactive
1uyeA,3af3A,inactive
1uyeA,4butA,inactive
1uyeA,4buuA,inactive
1uyeA,2x92A,inactive
1uyeA,2x93A,inactive
1uyeA,2x94A,inactive
1uyeA,3m67A,inactive
1uyeA,3m96A,inactive
1uyeA,3s9tA,inactive
4j0rA,2dhfA,inactive
4j0rA,4m6lA,inactive
4j0rA,1bk0A,inactive
4j0rA,1odmA,inactive
4j0rA,1qiqA,inactive
4j0rA,1uzwA,inactive
4j0rA,1w05A,inactive
4j0rA,2vbpA,inactive
4j0rA,2y60A,inactive
4j0rA,2y6fA,inactive
4j0rA,1pwmA,inactive
4j0rA,1x97A,inactive
4j0rA,1rmzA,inactive
4j0rA,3f15A,inactive
4j0rA,3nx7A,inactive
4j0rA,2zc9H,inactive
4j0rA,2zdaH,inactive
4j0rA,2zf0H,inactive
4j0rA,2zffH,inactive
4j0rA,3p17H,inactive
4j0rA,3qtoH,inactive
4j0rA,3qtvH,inactive
4j0rA,3si3H,inactive
4j0rA,3si4H,inactive
4j0rA,3sv2H,inactive
4j0rA,1uy6A,inactive
4j0rA,1uycA,inactive
4j0rA,1uydA,inactive
4j0rA,1uyeA,inactive
4j0rA,3choA,inactive
4j0rA,3chpA,inactive
4j0rA,3chqA,inactive
4j0rA,2zsaA,inactive
4j0rA,3af2A,inactive
4j0rA,3af3A,inactive
4j0rA,4butA,inactive
4j0rA,4buuA,inactive
4j0rA,2x92A,inactive
4j0rA,2x93A,inactive
4j0rA,2x94A,inactive
4j0rA,3m67A,inactive
4j0rA,3m96A,inactive
4j0rA,3s9tA,inactive
4j0sA,2dhfA,inactive
4j0sA,4m6lA,inactive
4j0sA,1bk0A,inactive
4j0sA,1odmA,inactive
4j0sA,1qiqA,inactive
4j0sA,1uzwA,inactive
4j0sA,1w05A,inactive
4j0sA,2vbpA,inactive
4j0sA,2y60A,inactive
4j0sA,2y6fA,inactive
4j0sA,1pwmA,inactive
4j0sA,1x97A,inactive
4j0sA,1rmzA,inactive
4j0sA,3f15A,inactive
4j0sA,3nx7A,inactive
4j0sA,2zc9H,inactive
4j0sA,2zdaH,inactive
4j0sA,2zf0H,inactive
4j0sA,2zffH,inactive
4j0sA,3p17H,inactive
4j0sA,3qtoH,inactive
4j0sA,3qtvH,inactive
4j0sA,3si3H,inactive
4j0sA,3si4H,inactive
4j0sA,3sv2H,inactive
4j0sA,1uy6A,inactive
4j0sA,1uycA,inactive
4j0sA,1uydA,inactive
4j0sA,1uyeA,inactive
4j0sA,3choA,inactive
4j0sA,3chpA,inactive
4j0sA,3chqA,inactive
4j0sA,2zsaA,inactive
4j0sA,3af2A,inactive
4j0sA,3af3A,inactive
4j0sA,4butA,inactive
4j0sA,4buuA,inactive
4j0sA,2x92A,inactive
4j0sA,2x93A,inactive
4j0sA,2x94A,inactive
4j0sA,3m67A,inactive
4j0sA,3m96A,inactive
4j0sA,3s9tA,inactive
3choA,2dhfA,inactive
3choA,4m6lA,inactive
3choA,1bk0A,inactive
3choA,1odmA,inactive
3choA,1qiqA,inactive
3choA,1uzwA,inactive
3choA,1w05A,inactive
3choA,2vbpA,inactive
3choA,2y60A,inactive
3choA,2y6fA,inactive
3choA,1pwmA,inactive
3choA,1x97A,inactive
3choA,1rmzA,inactive
3choA,3f15A,inactive
3choA,3nx7A,inactive
3choA,2zc9H,inactive
3choA,2zdaH,inactive
3choA,2zf0H,inactive
3choA,2zffH,inactive
3choA,3p17H,inactive
3choA,3qtoH,inactive
3choA,3qtvH,inactive
3choA,3si3H,inactive
3choA,3si4H,inactive
3choA,3sv2H,inactive
3choA,1uy6A,inactive
3choA,1uycA,inactive
3choA,1uydA,inactive
3choA,1uyeA,inactive
3choA,4j0rA,inactive
3choA,4j0sA,inactive
3choA,2zsaA,inactive
3choA,3af2A,inactive
3choA,3af3A,inactive
3choA,4butA,inactive
3choA,4buuA,inactive
3choA,2x92A,inactive
3choA,2x93A,inactive
3choA,2x94A,inactive
3choA,3m67A,inactive
3choA,3m96A,inactive
3choA,3s9tA,inactive
3chpA,2dhfA,inactive
3chpA,4m6lA,inactive
3chpA,1bk0A,inactive
3chpA,1odmA,inactive
3chpA,1qiqA,inactive
3chpA,1uzwA,inactive
3chpA,1w05A,inactive
3chpA,2vbpA,inactive
3chpA,2y60A,inactive
3chpA,2y6fA,inactive
3chpA,1pwmA,inactive
3chpA,1x97A,inactive
3chpA,1rmzA,inactive
3chpA,3f15A,inactive
3chpA,3nx7A,inactive
3chpA,2zc9H,inactive
3chpA,2zdaH,inactive
3chpA,2zf0H,inactive
3chpA,2zffH,inactive
3chpA,3p17H,inactive
3chpA,3qtoH,inactive
3chpA,3qtvH,inactive
3chpA,3si3H,inactive
3chpA,3si4H,inactive
3chpA,3sv2H,inactive
3chpA,1uy6A,inactive
3chpA,1uycA,inactive
3chpA,1uydA,inactive
3chpA,1uyeA,inactive
3chpA,4j0rA,inactive
3chpA,4j0sA,inactive
3chpA,2zsaA,inactive
3chpA,3af2A,inactive
3chpA,3af3A,inactive
3chpA,4butA,inactive
3chpA,4buuA,inactive
3chpA,2x92A,inactive
3chpA,2x93A,inactive
3chpA,2x94A,inactive
3chpA,3m67A,inactive
3chpA,3m96A,inactive
3chpA,3s9tA,inactive
3chqA,2dhfA,inactive
3chqA,4m6lA,inactive
3chqA,1bk0A,inactive
3chqA,1odmA,inactive
3chqA,1qiqA,inactive
3chqA,1uzwA,inactive
3chqA,1w05A,inactive
3chqA,2vbpA,inactive
3chqA,2y60A,inactive
3chqA,2y6fA,inactive
3chqA,1pwmA,inactive
3chqA,1x97A,inactive
3chqA,1rmzA,inactive
3chqA,3f15A,inactive
3chqA,3nx7A,inactive
3chqA,2zc9H,inactive
3chqA,2zdaH,inactive
3chqA,2zf0H,inactive
3chqA,2zffH,inactive
3chqA,3p17H,inactive
3chqA,3qtoH,inactive
3chqA,3qtvH,inactive
3chqA,3si3H,inactive
3chqA,3si4H,inactive
3chqA,3sv2H,inactive
3chqA,1uy6A,inactive
3chqA,1uycA,inactive
3chqA,1uydA,inactive
3chqA,1uyeA,inactive
3chqA,4j0rA,inactive
3chqA,4j0sA,inactive
3chqA,2zsaA,inactive
3chqA,3af2A,inactive
3chqA,3af3A,inactive
3chqA,4butA,inactive
3chqA,4buuA,inactive
3chqA,2x92A,inactive
3chqA,2x93A,inactive
3chqA,2x94A,inactive
3chqA,3m67A,inactive
3chqA,3m96A,inactive
3chqA,3s9tA,inactive
2zsaA,2dhfA,inactive
2zsaA,4m6lA,inactive
2zsaA,1bk0A,inactive
2zsaA,1odmA,inactive
2zsaA,1qiqA,inactive
2zsaA,1uzwA,inactive
2zsaA,1w05A,inactive
2zsaA,2vbpA,inactive
2zsaA,2y60A,inactive
2zsaA,2y6fA,inactive
2zsaA,1pwmA,inactive
2zsaA,1x97A,inactive
2zsaA,1rmzA,inactive
2zsaA,3f15A,inactive
2zsaA,3nx7A,inactive
2zsaA,2zc9H,inactive
2zsaA,2zdaH,inactive
2zsaA,2zf0H,inactive
2zsaA,2zffH,inactive
2zsaA,3p17H,inactive
2zsaA,3qtoH,inactive
2zsaA,3qtvH,inactive
2zsaA,3si3H,inactive
2zsaA,3si4H,inactive
2zsaA,3sv2H,inactive
2zsaA,1uy6A,inactive
2zsaA,1uycA,inactive
2zsaA,1uydA,inactive
2zsaA,1uyeA,inactive
2zsaA,4j0rA,inactive
2zsaA,4j0sA,inactive
2zsaA,3choA,inactive
2zsaA,3chpA,inactive
2zsaA,3chqA,inactive
2zsaA,4butA,inactive
2zsaA,4buuA,inactive
2zsaA,2x92A,inactive
2zsaA,2x93A,inactive
2zsaA,2x94A,inactive
2zsaA,3m67A,inactive
2zsaA,3m96A,inactive
2zsaA,3s9tA,inactive
3af2A,2dhfA,inactive
3af2A,4m6lA,inactive
3af2A,1bk0A,inactive
3af2A,1odmA,inactive
3af2A,1qiqA,inactive
3af2A,1uzwA,inactive
3af2A,1w05A,inactive
3af2A,2vbpA,inactive
3af2A,2y60A,inactive
3af2A,2y6fA,inactive
3af2A,1pwmA,inactive
3af2A,1x97A,inactive
3af2A,1rmzA,inactive
3af2A,3f15A,inactive
3af2A,3nx7A,inactive
3af2A,2zc9H,inactive
3af2A,2zdaH,inactive
3af2A,2zf0H,inactive
3af2A,2zffH,inactive
3af2A,3p17H,inactive
3af2A,3qtoH,inactive
3af2A,3qtvH,inactive
3af2A,3si3H,inactive
3af2A,3si4H,inactive
3af2A,3sv2H,inactive
3af2A,1uy6A,inactive
3af2A,1uycA,inactive
3af2A,1uydA,inactive
3af2A,1uyeA,inactive
3af2A,4j0rA,inactive
3af2A,4j0sA,inactive
3af2A,3choA,inactive
3af2A,3chpA,inactive
3af2A,3chqA,inactive
3af2A,4butA,inactive
3af2A,4buuA,inactive
3af2A,2x92A,inactive
3af2A,2x93A,inactive
3af2A,2x94A,inactive
3af2A,3m67A,inactive
3af2A,3m96A,inactive
3af2A,3s9tA,inactive
3af3A,2dhfA,inactive
3af3A,4m6lA,inactive
3af3A,1bk0A,inactive
3af3A,1odmA,inactive
3af3A,1qiqA,inactive
3af3A,1uzwA,inactive
3af3A,1w05A,inactive
3af3A,2vbpA,inactive
3af3A,2y60A,inactive
3af3A,2y6fA,inactive
3af3A,1pwmA,inactive
3af3A,1x97A,inactive
3af3A,1rmzA,inactive
3af3A,3f15A,inactive
3af3A,3nx7A,inactive
3af3A,2zc9H,inactive
3af3A,2zdaH,inactive
3af3A,2zf0H,inactive
3af3A,2zffH,inactive
3af3A,3p17H,inactive
3af3A,3qtoH,inactive
3af3A,3qtvH,inactive
3af3A,3si3H,inactive
3af3A,3si4H,inactive
3af3A,3sv2H,inactive
3af3A,1uy6A,inactive
3af3A,1uycA,inactive
3af3A,1uydA,inactive
3af3A,1uyeA,inactive
3af3A,4j0rA,inactive
3af3A,4j0sA,inactive
3af3A,3choA,inactive
3af3A,3chpA,inactive
3af3A,3chqA,inactive
3af3A,4butA,inactive
3af3A,4buuA,inactive
3af3A,2x92A,inactive
3af3A,2x93A,inactive
3af3A,2x94A,inactive
3af3A,3m67A,inactive
3af3A,3m96A,inactive
3af3A,3s9tA,inactive
4butA,2dhfA,inactive
4butA,4m6lA,inactive
4butA,1bk0A,inactive
4butA,1odmA,inactive
4butA,1qiqA,inactive
4butA,1uzwA,inactive
4butA,1w05A,inactive
4butA,2vbpA,inactive
4butA,2y60A,inactive
4butA,2y6fA,inactive
4butA,1pwmA,inactive
4butA,1x97A,inactive
4butA,1rmzA,inactive
4butA,3f15A,inactive
4butA,3nx7A,inactive
4butA,2zc9H,inactive
4butA,2zdaH,inactive
4butA,2zf0H,inactive
4butA,2zffH,inactive
4butA,3p17H,inactive
4butA,3qtoH,inactive
4butA,3qtvH,inactive
4butA,3si3H,inactive
4butA,3si4H,inactive
4butA,3sv2H,inactive
4butA,1uy6A,inactive
4butA,1uycA,inactive
4butA,1uydA,inactive
4butA,1uyeA,inactive
4butA,4j0rA,inactive
4butA,4j0sA,inactive
4butA,3choA,inactive
4butA,3chpA,inactive
4butA,3chqA,inactive
4butA,2zsaA,inactive
4butA,3af2A,inactive
4butA,3af3A,inactive
4butA,2x92A,inactive
4butA,2x93A,inactive
4butA,2x94A,inactive
4butA,3m67A,inactive
4butA,3m96A,inactive
4butA,3s9tA,inactive
4buuA,2dhfA,inactive
4buuA,4m6lA,inactive
4buuA,1bk0A,inactive
4buuA,1odmA,inactive
4buuA,1qiqA,inactive
4buuA,1uzwA,inactive
4buuA,1w05A,inactive
4buuA,2vbpA,inactive
4buuA,2y60A,inactive
4buuA,2y6fA,inactive
4buuA,1pwmA,inactive
4buuA,1x97A,inactive
4buuA,1rmzA,inactive
4buuA,3f15A,inactive
4buuA,3nx7A,inactive
4buuA,2zc9H,inactive
4buuA,2zdaH,inactive
4buuA,2zf0H,inactive
4buuA,2zffH,inactive
4buuA,3p17H,inactive
4buuA,3qtoH,inactive
4buuA,3qtvH,inactive
4buuA,3si3H,inactive
4buuA,3si4H,inactive
4buuA,3sv2H,inactive
4buuA,1uy6A,inactive
4buuA,1uycA,inactive
4buuA,1uydA,inactive
4buuA,1uyeA,inactive
4buuA,4j0rA,inactive
4buuA,4j0sA,inactive
4buuA,3choA,inactive
4buuA,3chpA,inactive
4buuA,3chqA,inactive
4buuA,2zsaA,inactive
4buuA,3af2A,inactive
4buuA,3af3A,inactive
4buuA,2x92A,inactive
4buuA,2x93A,inactive
4buuA,2x94A,inactive
4buuA,3m67A,inactive
4buuA,3m96A,inactive
4buuA,3s9tA,inactive
2x92A,2dhfA,inactive
2x92A,4m6lA,inactive
2x92A,1bk0A,inactive
2x92A,1odmA,inactive
2x92A,1qiqA,inactive
2x92A,1uzwA,inactive
2x92A,1w05A,inactive
2x92A,2vbpA,inactive
2x92A,2y60A,inactive
2x92A,2y6fA,inactive
2x92A,1pwmA,inactive
2x92A,1x97A,inactive
2x92A,1rmzA,inactive
2x92A,3f15A,inactive
2x92A,3nx7A,inactive
2x92A,2zc9H,inactive
2x92A,2zdaH,inactive
2x92A,2zf0H,inactive
2x92A,2zffH,inactive
2x92A,3p17H,inactive
2x92A,3qtoH,inactive
2x92A,3qtvH,inactive
2x92A,3si3H,inactive
2x92A,3si4H,inactive
2x92A,3sv2H,inactive
2x92A,1uy6A,inactive
2x92A,1uycA,inactive
2x92A,1uydA,inactive
2x92A,1uyeA,inactive
2x92A,4j0rA,inactive
2x92A,4j0sA,inactive
2x92A,3choA,inactive
2x92A,3chpA,inactive
2x92A,3chqA,inactive
2x92A,2zsaA,inactive
2x92A,3af2A,inactive
2x92A,3af3A,inactive
2x92A,4butA,inactive
2x92A,4buuA,inactive
2x92A,3m67A,inactive
2x92A,3m96A,inactive
2x92A,3s9tA,inactive
2x93A,2dhfA,inactive
2x93A,4m6lA,inactive
2x93A,1bk0A,inactive
2x93A,1odmA,inactive
2x93A,1qiqA,inactive
2x93A,1uzwA,inactive
2x93A,1w05A,inactive
2x93A,2vbpA,inactive
2x93A,2y60A,inactive
2x93A,2y6fA,inactive
2x93A,1pwmA,inactive
2x93A,1x97A,inactive
2x93A,1rmzA,inactive
2x93A,3f15A,inactive
2x93A,3nx7A,inactive
2x93A,2zc9H,inactive
2x93A,2zdaH,inactive
2x93A,2zf0H,inactive
2x93A,2zffH,inactive
2x93A,3p17H,inactive
2x93A,3qtoH,inactive
2x93A,3qtvH,inactive
2x93A,3si3H,inactive
2x93A,3si4H,inactive
2x93A,3sv2H,inactive
2x93A,1uy6A,inactive
2x93A,1uycA,inactive
2x93A,1uydA,inactive
2x93A,1uyeA,inactive
2x93A,4j0rA,inactive
2x93A,4j0sA,inactive
2x93A,3choA,inactive
2x93A,3chpA,inactive
2x93A,3chqA,inactive
2x93A,2zsaA,inactive
2x93A,3af2A,inactive
2x93A,3af3A,inactive
2x93A,4butA,inactive
2x93A,4buuA,inactive
2x93A,3m67A,inactive
2x93A,3m96A,inactive
2x93A,3s9tA,inactive
2x94A,2dhfA,inactive
2x94A,4m6lA,inactive
2x94A,1bk0A,inactive
2x94A,1odmA,inactive
2x94A,1qiqA,inactive
2x94A,1uzwA,inactive
2x94A,1w05A,inactive
2x94A,2vbpA,inactive
2x94A,2y60A,inactive
2x94A,2y6fA,inactive
2x94A,1pwmA,inactive
2x94A,1x97A,inactive
2x94A,1rmzA,inactive
2x94A,3f15A,inactive
2x94A,3nx7A,inactive
2x94A,2zc9H,inactive
2x94A,2zdaH,inactive
2x94A,2zf0H,inactive
2x94A,2zffH,inactive
2x94A,3p17H,inactive
2x94A,3qtoH,inactive
2x94A,3qtvH,inactive
2x94A,3si3H,inactive
2x94A,3si4H,inactive
2x94A,3sv2H,inactive
2x94A,1uy6A,inactive
2x94A,1uycA,inactive
2x94A,1uydA,inactive
2x94A,1uyeA,inactive
2x94A,4j0rA,inactive
2x94A,4j0sA,inactive
2x94A,3choA,inactive
2x94A,3chpA,inactive
2x94A,3chqA,inactive
2x94A,2zsaA,inactive
2x94A,3af2A,inactive
2x94A,3af3A,inactive
2x94A,4butA,inactive
2x94A,4buuA,inactive
2x94A,3m67A,inactive
2x94A,3m96A,inactive
2x94A,3s9tA,inactive
3m67A,2dhfA,inactive
3m67A,4m6lA,inactive
3m67A,1bk0A,inactive
3m67A,1odmA,inactive
3m67A,1qiqA,inactive
3m67A,1uzwA,inactive
3m67A,1w05A,inactive
3m67A,2vbpA,inactive
3m67A,2y60A,inactive
3m67A,2y6fA,inactive
3m67A,1pwmA,inactive
3m67A,1x97A,inactive
3m67A,1rmzA,inactive
3m67A,3f15A,inactive
3m67A,3nx7A,inactive
3m67A,2zc9H,inactive
3m67A,2zdaH,inactive
3m67A,2zf0H,inactive
3m67A,2zffH,inactive
3m67A,3p17H,inactive
3m67A,3qtoH,inactive
3m67A,3qtvH,inactive
3m67A,3si3H,inactive
3m67A,3si4H,inactive
3m67A,3sv2H,inactive
3m67A,1uy6A,inactive
3m67A,1uycA,inactive
3m67A,1uydA,inactive
3m67A,1uyeA,inactive
3m67A,4j0rA,inactive
3m67A,4j0sA,inactive
3m67A,3choA,inactive
3m67A,3chpA,inactive
3m67A,3chqA,inactive
3m67A,2zsaA,inactive
3m67A,3af2A,inactive
3m67A,3af3A,inactive
3m67A,4butA,inactive
3m67A,4buuA,inactive
3m67A,2x92A,inactive
3m67A,2x93A,inactive
3m67A,2x94A,inactive
3m96A,2dhfA,inactive
3m96A,4m6lA,inactive
3m96A,1bk0A,inactive
3m96A,1odmA,inactive
3m96A,1qiqA,inactive
3m96A,1uzwA,inactive
3m96A,1w05A,inactive
3m96A,2vbpA,inactive
3m96A,2y60A,inactive
3m96A,2y6fA,inactive
3m96A,1pwmA,inactive
3m96A,1x97A,inactive
3m96A,1rmzA,inactive
3m96A,3f15A,inactive
3m96A,3nx7A,inactive
3m96A,2zc9H,inactive
3m96A,2zdaH,inactive
3m96A,2zf0H,inactive
3m96A,2zffH,inactive
3m96A,3p17H,inactive
3m96A,3qtoH,inactive
3m96A,3qtvH,inactive
3m96A,3si3H,inactive
3m96A,3si4H,inactive
3m96A,3sv2H,inactive
3m96A,1uy6A,inactive
3m96A,1uycA,inactive
3m96A,1uydA,inactive
3m96A,1uyeA,inactive
3m96A,4j0rA,inactive
3m96A,4j0sA,inactive
3m96A,3choA,inactive
3m96A,3chpA,inactive
3m96A,3chqA,inactive
3m96A,2zsaA,inactive
3m96A,3af2A,inactive
3m96A,3af3A,inactive
3m96A,4butA,inactive
3m96A,4buuA,inactive
3m96A,2x92A,inactive
3m96A,2x93A,inactive
3m96A,2x94A,inactive
3s9tA,2dhfA,inactive
3s9tA,4m6lA,inactive
3s9tA,1bk0A,inactive
3s9tA,1odmA,inactive
3s9tA,1qiqA,inactive
3s9tA,1uzwA,inactive
3s9tA,1w05A,inactive
3s9tA,2vbpA,inactive
3s9tA,2y60A,inactive
3s9tA,2y6fA,inactive
3s9tA,1pwmA,inactive
3s9tA,1x97A,inactive
3s9tA,1rmzA,inactive
3s9tA,3f15A,inactive
3s9tA,3nx7A,inactive
3s9tA,2zc9H,inactive
3s9tA,2zdaH,inactive
3s9tA,2zf0H,inactive
3s9tA,2zffH,inactive
3s9tA,3p17H,inactive
3s9tA,3qtoH,inactive
3s9tA,3qtvH,inactive
3s9tA,3si3H,inactive
3s9tA,3si4H,inactive
3s9tA,3sv2H,inactive
3s9tA,1uy6A,inactive
3s9tA,1uycA,inactive
3s9tA,1uydA,inactive
3s9tA,1uyeA,inactive
3s9tA,4j0rA,inactive
3s9tA,4j0sA,inactive
3s9tA,3choA,inactive
3s9tA,3chpA,inactive
3s9tA,3chqA,inactive
3s9tA,2zsaA,inactive
3s9tA,3af2A,inactive
3s9tA,3af3A,inactive
3s9tA,4butA,inactive
3s9tA,4buuA,inactive
3s9tA,2x92A,inactive
3s9tA,2x93A,inactive
3s9tA,2x94A,inactive
